id,lon,lat
2502843889,5.0539624,45.631245899999996
8278672111,5.0686577999999995,45.6270069
4282008522,5.076715999999999,45.621418999999996
10000594997,5.0656816,45.6327533
243120998,5.077818499999999,45.633791099999996
1744500205,5.0681984,45.6318051
243121040,5.0938460999999995,45.6388269
622131834,5.0614021,45.6359901
8279147211,5.0670014,45.629773799999995
8285019891,5.0583105,45.630918799999996
8285019913,5.0589223,45.6308277
324250096,5.0704433,45.6290122
8279147178,5.067345899999999,45.6328343
622131450,5.065881699999999,45.635838299999996
10000594969,5.066292499999999,45.6327236
293191035,5.0440724,45.6384873
1433558171,5.0670592999999995,45.6298063
1744493269,5.0701336999999995,45.6280369
1744499056,5.0757771,45.6328235
3626815754,5.0352176,45.6375935
1744227285,5.0605328,45.6284214
4942009285,5.0622511,45.635859599999996
1744224247,5.0549846,45.629353599999995
2439088235,5.063477799999999,45.6335586
4427411133,5.064126,45.6341818
1476334864,5.064487199999999,45.6358104
9277409420,5.0669033,45.6318923
2439086910,5.0510513,45.631853799999995
8285019644,5.0650834,45.6299789
4427411142,5.065023699999999,45.6346517
4430749328,5.0441896,45.638114099999996
2502843946,5.0539268999999996,45.632431
1433558588,5.0705247,45.633992
4281963259,5.0607254,45.635590099999995
4432298605,5.0639609,45.632386
8245130633,5.064826399999999,45.629204
8279147181,5.066781199999999,45.632343899999995
8279147316,5.0661619,45.6323089
2287646959,5.041784799999999,45.6356635
8279147275,5.0669053,45.6318925
10000594987,5.066072999999999,45.6329655
8285019912,5.0587447999999995,45.630828699999995
1744494334,5.0750136,45.6308873
5700219050,5.0773171999999995,45.633224399999996
2616085045,5.0684689,45.632322099999996
8279147252,5.0656867,45.6319345
2616085030,5.0714955999999995,45.632123799999995
2503574203,5.0619853,45.629245399999995
4432298645,5.0517113,45.6341405
293191043,5.0427537,45.6390375
1433558235,5.0779138,45.629632799999996
2439079737,5.0601256,45.6323198
8279147259,5.0651652,45.6315117
1744494337,5.0756844,45.6308392
3824799920,5.0526384,45.6272915
8278672057,5.0680515999999995,45.627397599999995
2294600923,5.0719838,45.6284833
2502843705,5.048842,45.6094083
8279147209,5.068071,45.6327017
8285019611,5.0639014,45.6305933
10000609619,5.066619,45.632822499999996
8279147189,5.0670851,45.632706999999996
8279147264,5.066332399999999,45.6313847
2501460116,5.0628985,45.634522399999994
293191033,5.0438161,45.6382015
1744493276,5.071347299999999,45.6279906
8279147227,5.066185099999999,45.632118399999996
8282005897,5.0706324,45.629189499999995
2439086879,5.0532512,45.629615699999995
6816029816,5.0616167,45.62958
2502843727,5.0752057,45.616136499999996
8282005829,5.070473499999999,45.629473999999995
6816029814,5.0615403,45.6293532
243120993,5.0783404999999995,45.6338733
8285019676,5.0647382,45.630078499999996
1433558137,5.0665486,45.6294544
772631260,5.0768217,45.6307317
8290590769,5.0474255,45.6330622
1744224147,5.0602873,45.6290882
4427411141,5.0628893999999995,45.6344384
1744227295,5.0605212,45.6280182
8807662000,5.0644294,45.6291375
1744253649,5.0608882,45.6251807
10000595003,5.0660317,45.632759199999995
1433558574,5.0783795,45.6297411
8278672062,5.0684121,45.6271558
4430749317,5.0422139999999995,45.6366496
2501460096,5.0641058,45.6312852
8246919604,5.0666820999999995,45.6286592
8279147228,5.0662442,45.6321181
8285019517,5.0663696,45.6296791
772631247,5.077529,45.6299901
2502843954,5.053471699999999,45.632502599999995
8282005862,5.0707131,45.6293143
4255122818,5.0670529,45.629768299999995
8285019718,5.0628991999999995,45.6304932
2439088221,5.064324099999999,45.634833799999996
4956207584,5.066457199999999,45.6280043
6434426834,5.0759773,45.6278693
8278672005,5.0682841,45.627019399999995
1433558277,5.0734644,45.6328592
1346126514,5.043728199999999,45.6383473
8278672081,5.067783899999999,45.6270561
4282001289,5.0766,45.6312214
10000594966,5.0664204999999995,45.633157999999995
8807661998,5.0642695,45.6291029
1433558342,5.0692265,45.6343971
8284993202,5.0663114,45.6295307
10000594992,5.066256999999999,45.632849
8807653909,5.056688299999999,45.631361
1744499062,5.075310399999999,45.632830999999996
1433558537,5.07811,45.6304884
1433558678,5.0710311,45.6283446
2439088236,5.0636855,45.633762999999995
7417774322,5.0706384,45.6271841
2501444216,5.0698563,45.6313004
4430749333,5.0436597,45.638284399999996
1433558656,5.0779964,45.6316983
8278672060,5.0682402,45.627171999999995
9670443161,5.0488421,45.6280441
9711092312,5.0518817,45.6232149
4430749186,5.052946899999999,45.6307446
4432298618,5.0623591999999995,45.632756199999996
243432119,5.0798502999999995,45.6249338
1344429907,5.0485258,45.6383045
8279147180,5.0668111,45.6324416
10000595000,5.0658023,45.632737399999996
4430749305,5.051230299999999,45.6325789
8278672006,5.0683706,45.627008599999996
8285019679,5.0669923,45.6297748
495342398,5.0712475,45.629892
8285019930,5.0587265,45.630756
8285019903,5.0583306,45.6306395
10000609627,5.0660112999999996,45.633054099999995
2501444239,5.0677281999999995,45.6322925
8285019840,5.0609717,45.6301011
1433558626,5.0680838,45.6327272
1433558639,5.070742399999999,45.632423599999996
8285019585,5.0672348,45.6297478
1433558346,5.0781505,45.6296904
1744224195,5.0610631999999995,45.629125699999996
1744224175,5.0596669,45.627973999999995
8278672025,5.0694545,45.6269299
1744227297,5.0605097,45.6278826
2439086886,5.0503127,45.6304192
1433558129,5.0718444,45.631898899999996
4432298632,5.0777459,45.6330214
471113937,5.0347883,45.628808199999995
1745783992,5.0831368,45.6368826
1744494329,5.075246,45.6305653
8246919595,5.0690381,45.627047999999995
10000609623,5.0668134,45.632951999999996
772631258,5.0745051,45.6286445
7417774303,5.0712338,45.627939999999995
2973881311,5.052359699999999,45.6338
2501444264,5.0676705,45.6326173
4618340205,5.0719933,45.6334753
8245130639,5.063295999999999,45.6288014
8278672052,5.068702399999999,45.627145299999995
8245130629,5.0654121,45.6285823
8244918172,5.0645356999999995,45.6294773
2439079725,5.0625067,45.633019499999996
8807653911,5.056944,45.6312285
471120580,5.0530143,45.6370693
1433558232,5.0636163,45.6290992
8285019595,5.0697018,45.6294286
4833990640,5.0641278,45.6290732
2439086862,5.0506376,45.6324486
8279147328,5.0664438,45.632333599999995
2501460117,5.0629187,45.6348438
10000595014,5.0665884,45.632717299999996
1744224243,5.0576447,45.6287478
1433558450,5.0706237,45.6333853
1744494345,5.074279799999999,45.631550499999996
8279147182,5.0677924,45.632286
4255122806,5.0616145999999995,45.6303846
1346126533,5.046478,45.6378042
8285019717,5.0628537,45.630271099999995
2502643481,5.0638743999999996,45.627612199999994
4432298629,5.0623274,45.633022399999994
8808812265,5.053655,45.633122799999995
4430749314,5.0407871,45.6361451
1744500216,5.0676239999999995,45.6316163
1744236034,5.0461819,45.6247194
4282001073,5.0652061999999995,45.6282826
752863412,5.0670448,45.629722799999996
1346126561,5.0450268,45.6376851
1744502795,5.0505442,45.6278465
2501444267,5.067285699999999,45.632674699999995
2439086853,5.054270799999999,45.6317927
4282001070,5.0648434,45.628244699999996
8285019970,5.0627543,45.630218799999994
1744499078,5.0690501,45.6330673
1744502809,5.0572441,45.6281275
2616084990,5.0695117,45.6317751
1745715469,5.070517,45.6383073
8285019612,5.0644613,45.6305172
8279147233,5.0659697,45.632047
1344429910,5.0571795,45.6312892
9599321130,5.0466111,45.630854799999994
1744500248,5.0673761,45.6309922
9696289001,5.0444645,45.6231006
2439088234,5.0625048999999995,45.6336253
2501444268,5.067156499999999,45.632694799999996
2502843850,5.054225499999999,45.6303954
8279147221,5.0676352,45.6316831
1744500238,5.0664055,45.631300499999995
9697396650,5.0457092,45.623022299999995
2616084977,5.0698622,45.6314728
1433558559,5.0750657,45.633716299999996
10000594955,5.0667384,45.6326628
1433558358,5.068562099999999,45.633911399999995
10010307440,5.059769999999999,45.631520599999995
9670318116,5.0503903999999995,45.6279184
1744227288,5.0581458,45.6265102
9277394316,5.0677788,45.632251
8245130624,5.0655358999999995,45.6290124
10000594982,5.0658261,45.6329928
1744500215,5.0681207,45.6315996
10000609625,5.0660465,45.633208599999996
9696289002,5.0444512,45.6231107
9670318115,5.0475479,45.626827899999995
1433558621,5.0808544,45.6266065
4432298627,5.0623149,45.632930599999995
8285019704,5.0646055,45.6300946
243120988,5.0784370999999995,45.633506999999994
293191015,5.0571043,45.6386689
2502843808,5.0723240999999994,45.6244502
8285019672,5.0650745,45.6299308
4430749320,5.042790999999999,45.637018999999995
8285019731,5.063725,45.630109
1476338623,5.0608245,45.625618599999996
9697396649,5.0457067,45.6230013
243432115,5.0792285999999995,45.6222536
1433558373,5.0652032,45.6284777
2501444265,5.0675418,45.6326347
2616084987,5.0710166999999995,45.6317388
2502843823,5.068458,45.626059
1433558222,5.0756291,45.6290142
4282001067,5.065086099999999,45.6279401
10000594999,5.065686299999999,45.6325905
4282001088,5.0770685,45.6312028
8278672058,5.0680705999999995,45.627394699999996
4430749340,5.043480199999999,45.6383801
10000609622,5.0663849999999995,45.633010899999995
1433558166,5.0645273,45.629438099999994
1433558519,5.0810004,45.630111
1433558141,5.0646737,45.6300331
1433558255,5.0710074999999994,45.6321614
2439086928,5.071678599999999,45.630472999999995
8246919589,5.0682122,45.6285508
2503574205,5.0620649,45.6294749
1744250483,5.0571152,45.6250954
8282005833,5.070284099999999,45.6293521
772631257,5.0746858,45.6291873
8278672059,5.0684527,45.6273324
1744494335,5.0767218,45.6315421
2439088232,5.063100899999999,45.6335747
4255122803,5.0615897,45.630510799999996
9696289000,5.0444894,45.6230822
9670443155,5.0466795,45.628118199999996
9730219684,5.0593338999999995,45.6282916
4255122817,5.066751,45.6297591
10000594957,5.0668323,45.6330248
8808812255,5.0568156,45.6298198
324250070,5.0696686,45.629379899999996
4430749297,5.0531035,45.6313785
1433558668,5.0833543,45.6260663
8278672047,5.0686896,45.6271055
8245130631,5.0646697,45.6293898
9277409418,5.0673208999999995,45.6323049
9670443182,5.0463054,45.6245936
10000595016,5.0666144,45.6328069
1744224255,5.061249699999999,45.6296665
1476369829,5.0674298,45.6270737
6434426819,5.0762928,45.6271585
8285019733,5.067216999999999,45.6296508
6815993335,5.064087799999999,45.629109799999995
8279147225,5.0661555,45.6319612
1744135196,5.0549702,45.6215526
8285019617,5.0639343,45.6307001
9676985146,5.0592349,45.6256178
2294600921,5.072303,45.628312
2439086875,5.0516644,45.631660499999995
2439088216,5.0636242,45.6348388
8279147191,5.0671042,45.6328915
1433558394,5.0624522,45.6291661
8246917963,5.0664226,45.629550099999996
4434314936,5.0654154,45.632504499999996
4255122811,5.0638967,45.6301339
1433558350,5.0791078,45.626571999999996
752867487,5.0607779,45.638927599999995
4255122812,5.0637772,45.6301029
1744224251,5.0600458999999995,45.6262484
4942009282,5.0616408999999996,45.6357771
772631264,5.073973,45.6301609
8282005868,5.0706073,45.6291806
472152609,5.0922557,45.629761599999995
9696288960,5.0489475,45.6234773
4430749326,5.043273999999999,45.6376819
2503574199,5.0623834,45.6291298
8278672063,5.068416,45.6271943
4282001086,5.0773307999999995,45.6306443
10000594976,5.065708,45.6330059
8285019950,5.0615461,45.6303931
2439088218,5.0635151,45.634268
2439079720,5.0616823,45.6330332
1744500242,5.063219,45.6275117
2439086856,5.0517487999999995,45.631635499999994
8278672151,5.0653836,45.628568
4255122819,5.0672255,45.6296973
8246919590,5.0687622999999995,45.627573999999996
4281963244,5.0507671,45.6303657
2502643503,5.0632386,45.6288288
1744227303,5.0477058999999995,45.6268137
2439079745,5.0654381,45.6327055
1744219055,5.0517821,45.6233887
2439086932,5.069778599999999,45.6336574
8279147253,5.065434,45.632192499999995
1744500223,5.0671804,45.630301599999996
622131628,5.061590799999999,45.630434199999996
1744502797,5.0529991,45.6279518
471120339,5.0534343999999995,45.6332421
3824799889,5.0549015,45.6251119
2501444260,5.067978999999999,45.632552499999996
1744123403,5.0588899,45.6265757
8279147258,5.066078399999999,45.631633699999995
772631265,5.076522799999999,45.629290999999995
7417774328,5.0713035,45.6271091
1433558377,5.0693874999999995,45.6337519
2439088231,5.0637552999999995,45.633155699999996
10000594972,5.0655534,45.6328244
10000595008,5.0664514,45.6325733
10000609621,5.0666003,45.6327584
4430749185,5.052102,45.630707
4281963253,5.0614627,45.6343725
2439086877,5.0506594,45.630185999999995
6434426835,5.0782715,45.6294233
2439079740,5.0616913,45.632160299999995
324250105,5.0711583,45.6282183
1745783925,5.0839608,45.6369914
8285019519,5.0663323,45.6295715
2502843799,5.0666071,45.6236581
9693429814,5.0426562,45.623265499999995
8279147277,5.066883499999999,45.6319911
9241688351,5.0556014,45.6309208
8279147213,5.067183099999999,45.6304555
4432298636,5.0513043,45.633578
10000594979,5.065834499999999,45.632833
1433558395,5.0765861,45.6286074
9600748762,5.049218199999999,45.6342083
4255122813,5.064592,45.6300433
9277409421,5.066366299999999,45.6317886
8246917969,5.0645565,45.6269138
293191044,5.0428077,45.6394351
8279147263,5.065563699999999,45.6314707
1745693967,5.072069099999999,45.6492346
2502843773,5.0672795,45.61906
1433558311,5.0804038,45.626591499999996
1433558258,5.0642043,45.6284081
1433558369,5.077598,45.6315357
1433558485,5.0698218,45.6327125
8278672046,5.068721699999999,45.627205
8285019962,5.0626381,45.6302258
1744495153,5.0748486999999995,45.6318981
8278672155,5.0659358,45.628307899999996
324250162,5.0787977,45.6236933
4434314935,5.0661346,45.6323866
772631252,5.0717836,45.6291404
1744502800,5.051279399999999,45.6278838
2293979511,5.0646325999999995,45.6370122
8279147229,5.0662024,45.6322104
10000594974,5.0656525,45.632810899999996
8282005830,5.070387,45.629311799999996
1433558198,5.0672524,45.6282901
2616084992,5.072533,45.6317769
8285019837,5.0608515999999995,45.6303882
8285019673,5.0667868,45.6297966
1433454676,5.0628687999999995,45.6388306
8807653910,5.0568157,45.6314844
8246919587,5.0677734,45.6270226
8285019974,5.0617139,45.6304672
1745715454,5.0700826,45.637699399999995
8279147232,5.0662502,45.632180299999995
10000595009,5.0665444,45.632554999999996
1744246256,5.0471664,45.6235286
8279147266,5.0667895,45.631766299999995
772631245,5.0723389,45.6280295
8285019863,5.0583009,45.6308921
1433558638,5.083917899999999,45.6363169
8279147231,5.0661971,45.632182
4430547228,5.0634163999999995,45.6284821
8245130642,5.0639045,45.631437
8282005898,5.0706448,45.6291939
10000595004,5.0660014,45.632548
6434426837,5.0789195,45.6295138
8808740951,5.0543613,45.631618499999995
4432298650,5.0617702,45.637043
1433558372,5.072608799999999,45.6324934
8285019955,5.0615345,45.6305134
324250083,5.0704061,45.629273399999995
495342303,5.0777699,45.633610499999996
324250069,5.0664751,45.6297995
2439086930,5.0702568999999995,45.6308255
8285019728,5.0636446,45.6301172
9685663116,5.0405574,45.6239784
1745662438,5.053228,45.6370242
8246919593,5.0683392,45.6270555
2502886775,5.0614479999999995,45.6346281
9697396651,5.0457222999999995,45.6231033
1744493277,5.072633499999999,45.629691199999996
5168464919,5.0436684,45.638681899999995
10000594968,5.0663629,45.6329334
4430749183,5.052912,45.6305701
10010307450,5.0746872,45.6322755
4281963249,5.0615206,45.6339389
10000594986,5.06596,45.632978
8245130628,5.0650753,45.62887
10000609620,5.0666901,45.632745799999995
8278672009,5.0681424999999996,45.6273379
7417774300,5.0714752,45.6276089
8282005836,5.0701639,45.629259499999996
1745795521,5.0772772,45.6344456
1433558563,5.0879636999999995,45.6249732
8246917979,5.0644874,45.623969599999995
8285019954,5.0614892,45.6304989
1433558234,5.0636829,45.6288267
2616085024,5.0712606,45.632043499999995
8278672154,5.0654984,45.627997799999996
495342509,5.0773398,45.6332398
6815993333,5.0636130999999995,45.629166999999995
646538131,5.0684245,45.6269269
4282001076,5.0639859,45.6284523
1433558632,5.0662186,45.6272781
4942009298,5.0656488,45.6359792
2293979510,5.0645468,45.6364271
9596036198,5.0426516,45.6228513
1433558154,5.0636091,45.629296
3824799894,5.0548529,45.6260674
1745783962,5.084541499999999,45.636006599999995
8285019914,5.058419799999999,45.630898599999995
2439088220,5.0624571,45.63429
622131446,5.0691032,45.6356731
4430749337,5.043690499999999,45.638314199999996
10000594958,5.0656259,45.6331937
8279147230,5.0662528,45.6322074
2501444255,5.066943,45.6323972
10000595007,5.0666432,45.6325376
8285019910,5.0587501,45.6308499
8290590768,5.0485182,45.634648999999996
2439086869,5.0495399,45.6323462
1346126499,5.0453828,45.637433099999996
1744500246,5.063616,45.6276655
9696288997,5.0447538,45.6229906
2439086871,5.0492086,45.633351
10000594954,5.0654315,45.632841
1744500237,5.0685991999999995,45.631591199999995
1745662410,5.0535894,45.6385484
2616085058,5.06855,45.632621
9697396656,5.0434041,45.6223339
1745715585,5.070201099999999,45.6378822
1744123482,5.058898999999999,45.625593699999996
1744499083,5.0735161,45.6340954
2502643489,5.0642689,45.6283952
2502844001,5.0486913,45.6334988
10000595010,5.0665246,45.6324851
1433558512,5.0659636,45.6286926
4282001081,5.064021599999999,45.6287952
2497726508,5.0626336,45.6299311
8281988711,5.070227,45.629343399999996
1433558326,5.0669135,45.629737999999996
8279147172,5.0661432,45.6319002
8278672158,5.0656525,45.628374799999996
8279147274,5.0668782,45.6318896
8285019969,5.0616898,45.6303754
4430749325,5.042790699999999,45.637698
1744123496,5.0468893999999995,45.6256582
8285019705,5.0645809,45.6299971
8282005827,5.0703689,45.629207799999996
8285019953,5.0610567,45.630449899999995
1433558573,5.0737648,45.634959699999996
471120686,5.0420164,45.639376299999995
1745783999,5.0802701,45.639778199999995
8279147195,5.0671802,45.6318238
8285019677,5.0659022,45.6299256
324250119,5.0731784,45.6262738
6816048585,5.0549012,45.6310505
2503574550,5.0620169,45.629336599999995
10000609626,5.0660247,45.6331378
9670443134,5.0448797999999995,45.6299217
1744499080,5.0725507,45.6345064
1745783974,5.0831384,45.6363888
2501444215,5.0703097999999995,45.631279299999996
1744494338,5.0757395,45.631150399999996
7417774320,5.0706302999999995,45.6273379
9600748753,5.0494885,45.633733299999996
772631262,5.0717139,45.6289097
8285019518,5.0663686,45.6295632
8285019836,5.0610341,45.6303635
8807653912,5.0564542999999995,45.6314821
10000595006,5.0660953,45.6325353
1433558132,5.0700848,45.6332343
8279147192,5.0676679,45.6317692
243120997,5.0780549,45.6339097
8808740949,5.055191,45.631150399999996
10000595015,5.0665319,45.6328246
1744500209,5.0660139,45.6308241
4282001087,5.0764736,45.6307356
8246917965,5.064487,45.627541
10000594985,5.0659246,45.632773799999995
2501444262,5.067826999999999,45.632594499999996
9676985144,5.0593691,45.626371899999995
1433558689,5.0645488,45.6291613
8285019703,5.0647234999999995,45.629981099999995
7417774330,5.0706302999999995,45.627124099999996
772631254,5.0765204,45.62975
8285019867,5.0589072999999996,45.6307538
1744253646,5.0616796,45.6258224
1433558571,5.063663399999999,45.6296007
1745693998,5.07268,45.650437499999995
1433558564,5.0644599,45.6283308
1745662473,5.0536465,45.6388424
8285019624,5.0658940999999995,45.629874699999995
8279147220,5.0675978,45.6316898
2502843869,5.0577638,45.630699299999996
2439079741,5.0601652999999995,45.6330642
9599321133,5.0476773,45.6320045
8278672044,5.0695901,45.6273656
4432298628,5.0689858,45.6329669
9600748799,5.0471181,45.632750099999996
4282001085,5.076725499999999,45.6304941
8279147257,5.0674836,45.631791199999995
772631256,5.0760162,45.629862599999996
1744494344,5.074393499999999,45.6309548
1744224191,5.0600967,45.625622899999996
4432298606,5.0639895,45.632397399999995
9599321134,5.0478556999999995,45.6321574
10000594965,5.0665789,45.6326846
1744494341,5.0750744,45.631232999999995
4432297487,5.049353,45.632013
10010307437,5.0594154,45.630700399999995
1744500251,5.0672222,45.630451099999995
2439088219,5.063147,45.6340104
8285019861,5.0595611,45.630696199999996
1744493260,5.0708052,45.6291569
8278672088,5.067908999999999,45.627097299999996
1744494330,5.0756644,45.6306563
243432132,5.0791542,45.6325553
9676985176,5.0621183,45.6237655
10000594967,5.0664058999999995,45.633084499999995
8279147235,5.066146799999999,45.631919599999996
2439088229,5.063947,45.633440199999995
1744227293,5.057125,45.6264841
2287645628,5.063611,45.6292451
293191041,5.043463,45.6388685
1744494340,5.0752993,45.6308668
1745783922,5.0834817,45.636578899999996
2501460097,5.0639049,45.6313148
1744123498,5.0381165,45.6273736
8246917991,5.0640890999999995,45.6200279
9600748750,5.0505002999999995,45.632895399999995
1433558268,5.063781,45.6301491
1745662425,5.0380595,45.644919099999996
8279147217,5.0671469,45.6303072
10000594988,5.066046399999999,45.632811499999995
1433558667,5.083438699999999,45.636555099999995
2502843993,5.052798999999999,45.6332703
1433558511,5.0581993999999995,45.6306303
772631253,5.0771077,45.6313368
8285019671,5.0664579,45.62975
8807661999,5.0643063999999995,45.629110999999995
2503574200,5.0610721,45.629136599999995
8285019835,5.0610704,45.630502199999995
4942009283,5.0622507,45.6357218
8279147219,5.0678801,45.6322336
4432298608,5.07771,45.6324537
8278672112,5.0683169,45.6269742
243121009,5.0793563,45.6343487
9599321132,5.0475083,45.632055199999996
1433558186,5.0626982,45.6302898
1744493272,5.0726124,45.6289361
243432133,5.0788766,45.6330009
1433558300,5.0637153,45.6298296
8285019869,5.0587194,45.6316298
2439079724,5.063994699999999,45.6325192
1476369877,5.0642873,45.6288123
1433558608,5.0709782,45.6336373
4956207585,5.066756,45.627957099999996
1745767181,5.073898,45.6416416
1433558526,5.0712629,45.6345963
4618340204,5.0732814,45.6332161
4430547225,5.0644526,45.627716899999996
772631266,5.0715476,45.6285215
8279147226,5.0662288,45.631957799999995
1745662363,5.0531299,45.637322499999996
10000609617,5.0666969,45.632833999999995
752867488,5.0608802,45.638583499999996
4210234896,5.0793004,45.623517
4942009306,5.0665748,45.6375709
772631263,5.0732392,45.628262299999996
2294610410,5.0791638,45.6234386
8278672082,5.070271099999999,45.6266736
1744499052,5.073744,45.633562399999995
8279147208,5.0678763,45.6325856
1433558193,5.0682585,45.628543699999994
2439079722,5.063361,45.6329207
2501444248,5.0673296,45.6323418
8279147152,5.0669568,45.631898
772631242,5.0748372999999996,45.630108199999995
1433558443,5.0717558,45.631795
1425635118,5.0659879,45.631899399999995
2439088228,5.0643274,45.6328731
2439079743,5.061694,45.6328891
4282001066,5.0638748,45.627323499999996
1744224151,5.0586592,45.629642399999994
8279147273,5.0668521,45.631760299999996
4282008532,5.074933,45.6240707
8285019702,5.0646026,45.629995199999996
2616084979,5.069988899999999,45.6315734
4255122815,5.0646626,45.629988499999996
8279147271,5.0672204999999995,45.6314384
471120208,5.056585999999999,45.630792799999995
2503574549,5.062471899999999,45.6292404
495342423,5.0720912,45.630347
1744499077,5.0754551999999995,45.6329022
2501444217,5.0693529,45.6313239
8278672065,5.0689063999999995,45.626996299999995
1744227296,5.0556487,45.626492899999995
4281963260,5.0608015,45.636077799999995
2616085014,5.0702618,45.6319945
1744493274,5.070815,45.6280144
2501460108,5.0625900999999995,45.6319374
1745783871,5.0842237,45.6358512
8278672008,5.0686716,45.6269633
1433558422,5.0760865,45.633423699999994
4427411126,5.0629785,45.6323795
7848239211,5.0502674999999995,45.63489
8278671938,5.0804464,45.629993
9600446092,5.0393460999999995,45.630170899999996
9693429813,5.0426658,45.623233299999995
8285020150,5.0664023,45.6297573
8285019973,5.0616566999999995,45.630508999999996
2293979512,5.061157199999999,45.636694299999995
9670443156,5.0466546999999995,45.628068
1744246253,5.046537,45.6234726
2503574204,5.061732999999999,45.629308699999996
8246917964,5.0666266,45.6295143
1433558623,5.0761867,45.6284291
1744224171,5.059380099999999,45.6285871
10000594993,5.0663104,45.6327771
8282005869,5.070601,45.6291884
7417774327,5.071837299999999,45.6270472
8285019706,5.0639062,45.6301795
8245130630,5.0645283,45.629413299999996
1433558135,5.0633004,45.6284772
1433558200,5.0689358,45.6350889
8285019578,5.0702229,45.6294125
4281963250,5.060573799999999,45.634040899999995
4432297483,5.063876,45.6316993
10000594977,5.0658521,45.6327837
293191028,5.0417746,45.639319699999994
1744493275,5.0676017,45.627744299999996
1433558281,5.069267,45.6324756
7417774325,5.071231099999999,45.6270877
4427411134,5.0634646,45.6342152
2439086888,5.0502261,45.6308544
1433558167,5.070043699999999,45.6307167
7417774326,5.0713357,45.6272516
1433558286,5.0663496,45.629521399999994
8279147165,5.0675479999999995,45.6319392
8279147254,5.0675946,45.6322152
10000595002,5.0658905999999995,45.632562899999996
1744494333,5.073626,45.6311998
4430749300,5.0510679,45.6323149
8285019583,5.0696585999999995,45.6294341
1346126590,5.0452967,45.637728599999996
293191045,5.0430738999999996,45.639402
1744123448,5.058151,45.6255051
293191042,5.0429964,45.6389001
9674828401,5.0566962,45.624558
1433558612,5.0830453,45.628357699999995
2616085037,5.0692604,45.6322195
8278672091,5.0680051,45.627404999999996
10000595005,5.06616,45.6327417
8285019868,5.0584107,45.6308739
8285019670,5.0668706,45.629692899999995
8285019726,5.0638261,45.630190999999996
9599321125,5.0449266999999995,45.6324556
8285019871,5.0583955,45.630822099999996
1346126588,5.0458868,45.638551799999995
9670443122,5.053960399999999,45.6275639
2439086906,5.0480921,45.6327794
1433558175,5.0721783,45.6322487
8285019608,5.0647258,45.630026199999996
8285019911,5.0587323,45.630778199999995
9277409417,5.0675932,45.6322751
8279147218,5.0676267,45.6317752
4432298631,5.062784499999999,45.633015
2287646961,5.0435346,45.6380358
8278672048,5.069001999999999,45.627058999999996
1744499067,5.068292,45.6332327
1744236038,5.0453665999999995,45.6237649
2501444230,5.067857,45.6322374
8285019730,5.0638307,45.6300958
8285019678,5.0671119,45.6297612
1346126570,5.0456661,45.638231399999995
8285019729,5.06367,45.630207899999995
4255122808,5.0626913,45.630222599999996
6816048586,5.0545079,45.629529399999996
1744493278,5.0711023,45.629417
8285019669,5.0668103,45.629699599999995
10000594981,5.0658211,45.6329474
8285019865,5.0582796,45.630837299999996
2616085056,5.0695457,45.632592599999995
4430749316,5.0424586,45.6365656
772631244,5.071826199999999,45.6281386
1433558507,5.0787645,45.6326641
8285019668,5.0669259,45.629686299999996
471120625,5.044701,45.638734299999996
4432298599,5.049562,45.632338
4282008529,5.0741106,45.623653399999995
4210234899,5.079204,45.6236288
4255122809,5.0636586,45.6301652
1433558534,5.0781529,45.6329117
8245130627,5.0654403,45.6285994
9670443168,5.0477811,45.6268071
2501444241,5.067597699999999,45.632305699999996
5168464918,5.0437353,45.6386465
7417774334,5.0705605,45.6265894
10000594990,5.0661765,45.632804
4430547226,5.0639370999999995,45.627777599999995
2501460095,5.0589170999999995,45.6308042
484792721,5.0438741,45.639515599999996
4210234894,5.0791793,45.6235388
8282005863,5.0707349,45.629286099999995
8285019531,5.0703328999999995,45.6301123
1744224236,5.0588425,45.6304205
1744494328,5.074157,45.630640299999996
8423431958,5.0496823,45.6347184
9600722684,5.0519742,45.630725399999996
1744253652,5.0609361999999996,45.6239212
9674828403,5.0565058,45.624641499999996
9697396648,5.0457374,45.622876299999994
2502843956,5.0528137,45.6325412
8278672045,5.068645,45.6269673
10000595001,5.0657784999999995,45.632578099999996
3824799927,5.052885799999999,45.6268002
8284993214,5.06631,45.6295767
4432298617,5.0681427999999995,45.632714299999996
2502843871,5.0576039999999995,45.6307222
2501444235,5.0678562,45.6322781
4432298646,5.0617434999999995,45.6366666
8285019737,5.0628639,45.6303196
1433558686,5.0733659,45.6335483
1744499064,5.0755859,45.6335401
2501444246,5.0670502,45.6323346
8285019724,5.0637514999999995,45.6302069
1344429933,5.0439356,45.6385613
8278672156,5.065692299999999,45.6283314
1433558393,5.0702029,45.628380199999995
9236205610,5.0734752,45.6311162
1744219058,5.0466220999999996,45.6212952
1433558293,5.0873791,45.625054999999996
8279147215,5.0673394,45.6309946
8278672153,5.065627999999999,45.627990399999995
471120249,5.045958,45.6337121
4430749298,5.0527041,45.631428799999995
4255122805,5.0617011,45.6304185
1745662474,5.0543438,45.638632099999995
9600722685,5.0523872999999995,45.6314719
10000594956,5.065411699999999,45.6332236
2439088224,5.0635394,45.6331438
8282005823,5.070402,45.6292451
4432298591,5.0639821,45.632016899999996
1433454703,5.060676099999999,45.6392337
8285019707,5.063886699999999,45.630086299999995
8220119965,5.064420999999999,45.628357699999995
8279147279,5.0664218,45.6319575
8285019732,5.0667374,45.6297135
2501444227,5.0653594,45.632178599999996
1433558160,5.0637174,45.628538
1433558593,5.0730629,45.6327041
1433558161,5.061526,45.629602399999996
1744500203,5.0649048,45.6274769
1433558431,5.0876431,45.6317319
1744493289,5.0687014,45.628318199999995
2439088226,5.0629612999999996,45.6332777
2439086847,5.052933299999999,45.6321631
4281963251,5.0605832,45.6342667
9670443121,5.0505686999999995,45.6279203
1346126558,5.045275999999999,45.6375087
4255122810,5.0637872999999995,45.6301992
243121006,5.077935999999999,45.633436499999995
8285019646,5.0650729,45.629717299999996
243120992,5.0785002,45.6337103
293191039,5.044391399999999,45.6388038
1744500222,5.0634895,45.629050199999995
2502843861,5.0536433999999995,45.6306213
8278672061,5.068253599999999,45.627206099999995
8279147170,5.0662147,45.6323131
9730219692,5.0592307,45.6272507
10000594964,5.0665667999999995,45.6326441
2439079728,5.065807599999999,45.6348233
4430749335,5.0438591,45.6382823
9596063717,5.040663599999999,45.6241455
4430749184,5.0524667,45.6306376
1433558614,5.0772197,45.6331742
2501444245,5.0674547,45.632325699999996
2501444269,5.067016499999999,45.6327187
1744494332,5.0738037,45.631022099999996
1433558401,5.0667482,45.6286578
8278672064,5.068666299999999,45.6270332
1745662451,5.05333,45.6372296
2501444250,5.0672007,45.6323587
9277409422,5.066787,45.6317521
4432298610,5.0622169999999995,45.6325686
8279147210,5.0678104,45.6322456
9674828099,5.0424242,45.6219234
8278672157,5.0659439,45.6283459
6816029817,5.0612163,45.6295668
8278672007,5.0686244,45.626970799999995
1433558670,5.062593,45.6294634
6816029818,5.0615777,45.6294912
495342476,5.0757525999999995,45.6323582
1433558236,5.0644443,45.6275474
1433558644,5.0640808,45.628125999999995
4281963234,5.0476741,45.6301257
4427411147,5.0650318,45.634825199999995
4255122807,5.0628155999999995,45.630275499999996
8285019736,5.0628034,45.6302241
8246917961,5.0651044,45.6290347
8285019584,5.0696788999999995,45.6293234
772631255,5.0759717,45.6291314
10010307439,5.059437099999999,45.6307555
4255122804,5.061478999999999,45.630448699999995
1433558482,5.0787162,45.6266264
471120372,5.054625,45.631107899999996
1744500210,5.066514499999999,45.6304139
4430749342,5.0440292,45.638381599999995
10000594989,5.0662237,45.6329488
1433558665,5.0625409,45.6293723
8285019573,5.0701507999999995,45.6291596
8285019735,5.0628272,45.6303244
2439086866,5.050209499999999,45.6329759
8246919606,5.0668216,45.6290785
8285019952,5.0614683,45.6304003
2501460113,5.059633,45.6326858
8278672090,5.068584599999999,45.6276315
9599321121,5.0497124,45.634055
4282001075,5.0647831,45.6283853
1433558330,5.0640108999999995,45.629161499999995
1745693964,5.0605325,45.6553547
307636896,5.0767891999999994,45.6347841
1744499060,5.0732734,45.6331847
4942009284,5.0622497,45.6353805
2502886772,5.0624508,45.6346153
4427411140,5.062454,45.634452499999995
1744227325,5.0581741,45.6269212
2502643518,5.0635176,45.628937799999996
772631251,5.0720960999999996,45.6288212
10000594991,5.0661955999999995,45.632862499999995
2502643483,5.0638865,45.6281578
2501444252,5.0670625,45.632376199999996
4942009299,5.0658807999999995,45.635870399999995
9670443117,5.0513385,45.627654
2616084983,5.0735108,45.6316888
2502843883,5.0545222999999995,45.6311292
8246917959,5.0651122,45.6295667
8285019623,5.0659323999999994,45.630116
2439086863,5.0502079,45.633249299999996
2439086873,5.048647,45.632608
8246919596,5.0683085,45.6269439
8281988714,5.0702399,45.629188
1744495152,5.0759488,45.6316231
5261636861,5.0667304,45.629586599999996
8279147188,5.067342399999999,45.6326667
10000594996,5.0663446,45.6328789
1745795509,5.078212199999999,45.6334022
1744499058,5.0766621999999995,45.6339188
8279147234,5.065983999999999,45.6319313
10010307438,5.0594239,45.630729699999996
2616084974,5.073894,45.6313509
8423431959,5.0500358,45.634600899999995
1433558660,5.0661857,45.628054399999996
2501444266,5.0674183,45.6326561
